component_id,lot_id,device_type,temperature_C,parameter_name,unit,value_0h,value_24h,value_96h,value_168h,outcome,failure_time_h,behavior_class_synthetic_only,data_source
C00309,L002,generic_semiconductor_v0,125,leakage_current,uA,31.186,33.017,32.603,32.936,pass,,healthy,synthetic_draft_v0_pending_minitab_grounding
C00079,L001,generic_semiconductor_v0,85,leakage_current,uA,13.839,13.288,14.219,14.894,pass,,healthy,synthetic_draft_v0_pending_minitab_grounding
C00051,L001,generic_semiconductor_v0,25,leakage_current,uA,6.559,8.039,7.989,7.55,pass,,noisy_healthy,synthetic_draft_v0_pending_minitab_grounding
C00213,L002,generic_semiconductor_v0,25,leakage_current,uA,8.045,8.252,8.471,8.239,pass,,healthy,synthetic_draft_v0_pending_minitab_grounding
C00173,L001,generic_semiconductor_v0,125,leakage_current,uA,25.419,26.013,28.441,31.804,pass,,healthy,synthetic_draft_v0_pending_minitab_grounding
C00304,L002,generic_semiconductor_v0,125,leakage_current,uA,21.133,22.071,23.01,24.48,pass,,healthy,synthetic_draft_v0_pending_minitab_grounding
C00477,L003,generic_semiconductor_v0,85,leakage_current,uA,22.668,23.593,22.486,24.462,pass,,healthy,synthetic_draft_v0_pending_minitab_grounding
C00220,L002,generic_semiconductor_v0,25,leakage_current,uA,6.997,7.787,11.215,14.855,monitor,,slow_drift,synthetic_draft_v0_pending_minitab_grounding
C00214,L002,generic_semiconductor_v0,25,leakage_current,uA,8.057,8.367,9.997,11.3,pass,,noisy_healthy,synthetic_draft_v0_pending_minitab_grounding
C00344,L002,generic_semiconductor_v0,125,leakage_current,uA,26.99,91.55,87.699,83.424,fail,24,sudden_spike,synthetic_draft_v0_pending_minitab_grounding
C00111,L001,generic_semiconductor_v0,85,leakage_current,uA,15.509,16.38,18.527,17.116,pass,,noisy_healthy,synthetic_draft_v0_pending_minitab_grounding
C00431,L003,generic_semiconductor_v0,85,leakage_current,uA,13.724,13.782,14.023,15.292,pass,,healthy,synthetic_draft_v0_pending_minitab_grounding
C00106,L001,generic_semiconductor_v0,85,leakage_current,uA,22.656,21.412,106.885,32.225,fail,96,spike_recovery,synthetic_draft_v0_pending_minitab_grounding
C00110,L001,generic_semiconductor_v0,85,leakage_current,uA,17.077,17.754,17.826,19.625,pass,,healthy,synthetic_draft_v0_pending_minitab_grounding
C00354,L002,generic_semiconductor_v0,125,leakage_current,uA,31.545,38.029,92.77,204.406,fail,96,accelerating_drift,synthetic_draft_v0_pending_minitab_grounding
C00229,L002,generic_semiconductor_v0,25,leakage_current,uA,8.404,10.307,8.445,10.524,pass,,noisy_healthy,synthetic_draft_v0_pending_minitab_grounding
C00133,L001,generic_semiconductor_v0,125,leakage_current,uA,27.834,26.356,28.202,27.866,pass,,noisy_healthy,synthetic_draft_v0_pending_minitab_grounding
C00343,L002,generic_semiconductor_v0,125,leakage_current,uA,25.337,26.519,24.997,29.215,pass,,noisy_healthy,synthetic_draft_v0_pending_minitab_grounding
C00499,L003,generic_semiconductor_v0,125,leakage_current,uA,33.139,33.405,36.975,35.355,pass,,healthy,synthetic_draft_v0_pending_minitab_grounding
C00038,L001,generic_semiconductor_v0,25,leakage_current,uA,7.1,8.502,10.007,11.221,monitor,,slow_drift,synthetic_draft_v0_pending_minitab_grounding
C00218,L002,generic_semiconductor_v0,25,leakage_current,uA,5.69,5.736,11.297,20.484,investigate,,accelerating_drift,synthetic_draft_v0_pending_minitab_grounding
C00187,L002,generic_semiconductor_v0,25,leakage_current,uA,9.544,9.693,11.425,11.557,pass,,healthy,synthetic_draft_v0_pending_minitab_grounding
C00275,L002,generic_semiconductor_v0,85,leakage_current,uA,15.465,17.165,23.38,25.49,monitor,,slow_drift,synthetic_draft_v0_pending_minitab_grounding
C00399,L003,generic_semiconductor_v0,25,leakage_current,uA,8.945,9.228,9.804,9.729,pass,,healthy,synthetic_draft_v0_pending_minitab_grounding
C00427,L003,generic_semiconductor_v0,85,leakage_current,uA,19.982,21.292,21.854,23.085,pass,,noisy_healthy,synthetic_draft_v0_pending_minitab_grounding
C00462,L003,generic_semiconductor_v0,85,leakage_current,uA,16.32,16.921,16.872,17.755,pass,,healthy,synthetic_draft_v0_pending_minitab_grounding
C00489,L003,generic_semiconductor_v0,125,leakage_current,uA,34.508,35.065,38.353,39.152,pass,,healthy,synthetic_draft_v0_pending_minitab_grounding
C00280,L002,generic_semiconductor_v0,85,leakage_current,uA,18.754,21.308,27.974,34.817,monitor,,slow_drift,synthetic_draft_v0_pending_minitab_grounding
C00255,L002,generic_semiconductor_v0,85,leakage_current,uA,14.291,14.025,14.924,14.389,pass,,healthy,synthetic_draft_v0_pending_minitab_grounding
C00246,L002,generic_semiconductor_v0,85,leakage_current,uA,17.206,16.702,17.345,18.38,pass,,healthy,synthetic_draft_v0_pending_minitab_grounding
C00230,L002,generic_semiconductor_v0,25,leakage_current,uA,7.511,8.131,8.829,8.821,pass,,healthy,synthetic_draft_v0_pending_minitab_grounding
C00175,L001,generic_semiconductor_v0,125,leakage_current,uA,28.497,29.281,29.638,30.493,pass,,healthy,synthetic_draft_v0_pending_minitab_grounding
C00101,L001,generic_semiconductor_v0,85,leakage_current,uA,20.505,24.548,32.886,42.716,monitor,,slow_drift,synthetic_draft_v0_pending_minitab_grounding
C00258,L002,generic_semiconductor_v0,85,leakage_current,uA,21.481,21.741,24.338,24.477,pass,,healthy,synthetic_draft_v0_pending_minitab_grounding
C00511,L003,generic_semiconductor_v0,125,leakage_current,uA,23.23,27.319,37.278,51.455,fail,168,slow_drift,synthetic_draft_v0_pending_minitab_grounding
C00115,L001,generic_semiconductor_v0,85,leakage_current,uA,22.756,20.278,25.097,24.839,pass,,noisy_healthy,synthetic_draft_v0_pending_minitab_grounding
C00151,L001,generic_semiconductor_v0,125,leakage_current,uA,20.945,22.676,54.865,111.014,fail,96,accelerating_drift,synthetic_draft_v0_pending_minitab_grounding
C00298,L002,generic_semiconductor_v0,85,leakage_current,uA,19.219,18.97,21.096,21.715,pass,,healthy,synthetic_draft_v0_pending_minitab_grounding
C00444,L003,generic_semiconductor_v0,85,leakage_current,uA,15.946,20.586,51.031,110.2,fail,96,accelerating_drift,synthetic_draft_v0_pending_minitab_grounding
C00512,L003,generic_semiconductor_v0,125,leakage_current,uA,24.53,25.305,26.959,27.429,pass,,healthy,synthetic_draft_v0_pending_minitab_grounding
C00305,L002,generic_semiconductor_v0,125,leakage_current,uA,34.819,39.211,98.18,205.52,fail,96,accelerating_drift,synthetic_draft_v0_pending_minitab_grounding
C00372,L003,generic_semiconductor_v0,25,leakage_current,uA,8.127,14.43,15.351,15.09,monitor,,stable_unusual,synthetic_draft_v0_pending_minitab_grounding
C00382,L003,generic_semiconductor_v0,25,leakage_current,uA,6.71,6.949,7.293,8.09,pass,,healthy,synthetic_draft_v0_pending_minitab_grounding
C00350,L002,generic_semiconductor_v0,125,leakage_current,uA,24.495,24.905,26.725,25.72,pass,,healthy,synthetic_draft_v0_pending_minitab_grounding
C00407,L003,generic_semiconductor_v0,25,leakage_current,uA,9.208,9.493,10.162,11.332,pass,,healthy,synthetic_draft_v0_pending_minitab_grounding
C00045,L001,generic_semiconductor_v0,25,leakage_current,uA,8.046,8.165,9.937,10.978,pass,,noisy_healthy,synthetic_draft_v0_pending_minitab_grounding
C00362,L003,generic_semiconductor_v0,25,leakage_current,uA,7.423,7.233,7.776,8.504,pass,,healthy,synthetic_draft_v0_pending_minitab_grounding
C00162,L001,generic_semiconductor_v0,125,leakage_current,uA,42.559,48.888,72.734,100.263,fail,96,slow_drift,synthetic_draft_v0_pending_minitab_grounding
C00379,L003,generic_semiconductor_v0,25,leakage_current,uA,10.225,10.723,11.296,11.657,pass,,healthy,synthetic_draft_v0_pending_minitab_grounding
C00300,L002,generic_semiconductor_v0,85,leakage_current,uA,15.338,15.651,16.622,17.725,pass,,healthy,synthetic_draft_v0_pending_minitab_grounding
C00385,L003,generic_semiconductor_v0,25,leakage_current,uA,7.525,7.608,8.162,8.288,pass,,healthy,synthetic_draft_v0_pending_minitab_grounding
C00061,L001,generic_semiconductor_v0,85,leakage_current,uA,20.027,98.696,102.621,95.772,fail,24,sudden_spike,synthetic_draft_v0_pending_minitab_grounding
C00020,L001,generic_semiconductor_v0,25,leakage_current,uA,8.33,8.23,8.551,8.672,pass,,healthy,synthetic_draft_v0_pending_minitab_grounding
C00148,L001,generic_semiconductor_v0,125,leakage_current,uA,25.411,31.04,45.761,58.152,fail,168,slow_drift,synthetic_draft_v0_pending_minitab_grounding
C00402,L003,generic_semiconductor_v0,25,leakage_current,uA,7.095,17.712,18.085,17.8,monitor,,stable_unusual,synthetic_draft_v0_pending_minitab_grounding
C00002,L001,generic_semiconductor_v0,25,leakage_current,uA,8.014,8.041,8.202,8.409,pass,,healthy,synthetic_draft_v0_pending_minitab_grounding
C00122,L001,generic_semiconductor_v0,125,leakage_current,uA,24.319,25.68,27.28,27.992,pass,,healthy,synthetic_draft_v0_pending_minitab_grounding
C00189,L002,generic_semiconductor_v0,25,leakage_current,uA,7.482,6.736,7.368,9.178,pass,,noisy_healthy,synthetic_draft_v0_pending_minitab_grounding
C00003,L001,generic_semiconductor_v0,25,leakage_current,uA,9.245,9.46,9.111,9.63,pass,,healthy,synthetic_draft_v0_pending_minitab_grounding
C00342,L002,generic_semiconductor_v0,125,leakage_current,uA,23.229,24.249,36.5,50.047,fail,168,slow_drift,synthetic_draft_v0_pending_minitab_grounding
C00219,L002,generic_semiconductor_v0,25,leakage_current,uA,7.476,7.312,8.338,9.023,pass,,healthy,synthetic_draft_v0_pending_minitab_grounding
C00347,L002,generic_semiconductor_v0,125,leakage_current,uA,25.562,26.568,24.645,27.806,pass,,healthy,synthetic_draft_v0_pending_minitab_grounding
C00222,L002,generic_semiconductor_v0,25,leakage_current,uA,7.052,6.337,7.889,9.866,pass,,noisy_healthy,synthetic_draft_v0_pending_minitab_grounding
C00109,L001,generic_semiconductor_v0,85,leakage_current,uA,16.798,17.596,19.031,19.929,pass,,healthy,synthetic_draft_v0_pending_minitab_grounding
C00271,L002,generic_semiconductor_v0,85,leakage_current,uA,13.071,15.101,20.886,27.057,monitor,,slow_drift,synthetic_draft_v0_pending_minitab_grounding
C00323,L002,generic_semiconductor_v0,125,leakage_current,uA,29.871,30.77,30.289,34.178,pass,,healthy,synthetic_draft_v0_pending_minitab_grounding
C00290,L002,generic_semiconductor_v0,85,leakage_current,uA,15.363,14.48,69.328,23.005,fail,96,spike_recovery,synthetic_draft_v0_pending_minitab_grounding
C00171,L001,generic_semiconductor_v0,125,leakage_current,uA,35.91,38.258,39.894,41.216,pass,,healthy,synthetic_draft_v0_pending_minitab_grounding
C00413,L003,generic_semiconductor_v0,25,leakage_current,uA,10.945,22.336,21.662,22.484,monitor,,stable_unusual,synthetic_draft_v0_pending_minitab_grounding
C00348,L002,generic_semiconductor_v0,125,leakage_current,uA,16.468,16.648,17.342,18.079,pass,,healthy,synthetic_draft_v0_pending_minitab_grounding
C00031,L001,generic_semiconductor_v0,25,leakage_current,uA,8.733,8.765,9.084,9.512,pass,,healthy,synthetic_draft_v0_pending_minitab_grounding
C00257,L002,generic_semiconductor_v0,85,leakage_current,uA,17.119,18.532,17.112,19.505,pass,,noisy_healthy,synthetic_draft_v0_pending_minitab_grounding
C00056,L001,generic_semiconductor_v0,25,leakage_current,uA,9.881,10.822,29.972,66.081,fail,168,accelerating_drift,synthetic_draft_v0_pending_minitab_grounding
C00330,L002,generic_semiconductor_v0,125,leakage_current,uA,27.085,28.053,28.718,29.051,pass,,healthy,synthetic_draft_v0_pending_minitab_grounding
C00182,L002,generic_semiconductor_v0,25,leakage_current,uA,9.362,9.806,10.466,10.412,pass,,noisy_healthy,synthetic_draft_v0_pending_minitab_grounding
C00299,L002,generic_semiconductor_v0,85,leakage_current,uA,15.153,16.196,16.307,17.156,pass,,healthy,synthetic_draft_v0_pending_minitab_grounding
C00184,L002,generic_semiconductor_v0,25,leakage_current,uA,7.54,7.506,8.279,8.094,pass,,healthy,synthetic_draft_v0_pending_minitab_grounding
C00254,L002,generic_semiconductor_v0,85,leakage_current,uA,15.807,16.985,16.314,17.868,pass,,healthy,synthetic_draft_v0_pending_minitab_grounding
C00206,L002,generic_semiconductor_v0,25,leakage_current,uA,7.201,7.51,7.792,8.659,pass,,healthy,synthetic_draft_v0_pending_minitab_grounding
C00465,L003,generic_semiconductor_v0,85,leakage_current,uA,17.584,18.402,18.958,20.87,pass,,healthy,synthetic_draft_v0_pending_minitab_grounding
C00077,L001,generic_semiconductor_v0,85,leakage_current,uA,17.678,17.726,18.095,18.626,pass,,healthy,synthetic_draft_v0_pending_minitab_grounding
C00114,L001,generic_semiconductor_v0,85,leakage_current,uA,17.965,17.328,17.736,17.92,pass,,noisy_healthy,synthetic_draft_v0_pending_minitab_grounding
C00514,L003,generic_semiconductor_v0,125,leakage_current,uA,23.985,25.919,26.092,26.89,pass,,healthy,synthetic_draft_v0_pending_minitab_grounding
C00457,L003,generic_semiconductor_v0,85,leakage_current,uA,21.144,21.969,22.01,23.421,pass,,healthy,synthetic_draft_v0_pending_minitab_grounding
C00508,L003,generic_semiconductor_v0,125,leakage_current,uA,24.912,24.427,25.894,25.439,pass,,healthy,synthetic_draft_v0_pending_minitab_grounding
C00276,L002,generic_semiconductor_v0,85,leakage_current,uA,17.538,18.754,19.425,20.403,pass,,healthy,synthetic_draft_v0_pending_minitab_grounding
C00199,L002,generic_semiconductor_v0,25,leakage_current,uA,10.662,10.989,11.326,11.896,pass,,healthy,synthetic_draft_v0_pending_minitab_grounding
C00484,L003,generic_semiconductor_v0,125,leakage_current,uA,22.184,21.567,23.985,25.675,pass,,healthy,synthetic_draft_v0_pending_minitab_grounding
C00260,L002,generic_semiconductor_v0,85,leakage_current,uA,19.965,20.037,21.734,22.368,pass,,healthy,synthetic_draft_v0_pending_minitab_grounding
C00495,L003,generic_semiconductor_v0,125,leakage_current,uA,32.102,33.1,34.453,32.594,pass,,healthy,synthetic_draft_v0_pending_minitab_grounding
C00055,L001,generic_semiconductor_v0,25,leakage_current,uA,6.475,6.437,6.893,7.322,pass,,healthy,synthetic_draft_v0_pending_minitab_grounding
C00266,L002,generic_semiconductor_v0,85,leakage_current,uA,16.045,16.856,17.02,17.757,pass,,healthy,synthetic_draft_v0_pending_minitab_grounding
C00313,L002,generic_semiconductor_v0,125,leakage_current,uA,30.236,31.203,33.018,36.706,pass,,healthy,synthetic_draft_v0_pending_minitab_grounding
C00059,L001,generic_semiconductor_v0,25,leakage_current,uA,6.98,6.978,7.633,8.13,pass,,healthy,synthetic_draft_v0_pending_minitab_grounding
C00249,L002,generic_semiconductor_v0,85,leakage_current,uA,17.714,73.23,71.267,66.169,fail,24,sudden_spike,synthetic_draft_v0_pending_minitab_grounding
C00155,L001,generic_semiconductor_v0,125,leakage_current,uA,28.388,27.984,30.137,36.277,pass,,noisy_healthy,synthetic_draft_v0_pending_minitab_grounding
C00517,L003,generic_semiconductor_v0,125,leakage_current,uA,21.924,21.274,22.869,24.029,pass,,healthy,synthetic_draft_v0_pending_minitab_grounding
C00233,L002,generic_semiconductor_v0,25,leakage_current,uA,8.809,10.35,8.713,10.007,pass,,noisy_healthy,synthetic_draft_v0_pending_minitab_grounding
C00467,L003,generic_semiconductor_v0,85,leakage_current,uA,17.375,17.44,18.333,18.885,pass,,healthy,synthetic_draft_v0_pending_minitab_grounding
C00103,L001,generic_semiconductor_v0,85,leakage_current,uA,19.282,18.29,20.575,19.898,pass,,healthy,synthetic_draft_v0_pending_minitab_grounding
C00307,L002,generic_semiconductor_v0,125,leakage_current,uA,22.501,23.301,24.898,23.612,pass,,healthy,synthetic_draft_v0_pending_minitab_grounding
C00104,L001,generic_semiconductor_v0,85,leakage_current,uA,16.911,21.939,31.706,41.673,monitor,,slow_drift,synthetic_draft_v0_pending_minitab_grounding
C00370,L003,generic_semiconductor_v0,25,leakage_current,uA,7.011,15.272,14.829,14.585,monitor,,stable_unusual,synthetic_draft_v0_pending_minitab_grounding
C00072,L001,generic_semiconductor_v0,85,leakage_current,uA,19.482,21.947,32.272,43.502,monitor,,slow_drift,synthetic_draft_v0_pending_minitab_grounding
C00023,L001,generic_semiconductor_v0,25,leakage_current,uA,7.654,7.522,7.765,9.063,pass,,healthy,synthetic_draft_v0_pending_minitab_grounding
C00526,L003,generic_semiconductor_v0,125,leakage_current,uA,22.484,17.733,24.655,26.798,pass,,noisy_healthy,synthetic_draft_v0_pending_minitab_grounding
C00337,L002,generic_semiconductor_v0,125,leakage_current,uA,20.191,20.122,22.38,23.047,pass,,healthy,synthetic_draft_v0_pending_minitab_grounding
C00032,L001,generic_semiconductor_v0,25,leakage_current,uA,7.091,7.609,8.182,8.141,pass,,healthy,synthetic_draft_v0_pending_minitab_grounding
C00085,L001,generic_semiconductor_v0,85,leakage_current,uA,13.654,13.868,13.764,15.659,pass,,healthy,synthetic_draft_v0_pending_minitab_grounding
C00293,L002,generic_semiconductor_v0,85,leakage_current,uA,22.294,23.013,23.9,25.405,pass,,healthy,synthetic_draft_v0_pending_minitab_grounding
C00272,L002,generic_semiconductor_v0,85,leakage_current,uA,19.587,20.696,22.182,23.493,pass,,healthy,synthetic_draft_v0_pending_minitab_grounding
C00284,L002,generic_semiconductor_v0,85,leakage_current,uA,13.64,13.773,15.009,15.5,pass,,healthy,synthetic_draft_v0_pending_minitab_grounding
C00537,L003,generic_semiconductor_v0,125,leakage_current,uA,19.416,20.024,20.623,21.108,pass,,healthy,synthetic_draft_v0_pending_minitab_grounding
C00174,L001,generic_semiconductor_v0,125,leakage_current,uA,28.191,26.297,31.781,26.998,pass,,noisy_healthy,synthetic_draft_v0_pending_minitab_grounding
C00030,L001,generic_semiconductor_v0,25,leakage_current,uA,8.419,33.432,10.317,12.785,monitor,,spike_recovery,synthetic_draft_v0_pending_minitab_grounding
C00132,L001,generic_semiconductor_v0,125,leakage_current,uA,21.363,24.209,32.165,40.132,monitor,,slow_drift,synthetic_draft_v0_pending_minitab_grounding
C00452,L003,generic_semiconductor_v0,85,leakage_current,uA,13.02,13.838,13.054,13.329,pass,,healthy,synthetic_draft_v0_pending_minitab_grounding
C00168,L001,generic_semiconductor_v0,125,leakage_current,uA,19.503,19.445,20.319,21.685,pass,,healthy,synthetic_draft_v0_pending_minitab_grounding
C00067,L001,generic_semiconductor_v0,85,leakage_current,uA,17.666,18.01,18.219,22.085,pass,,noisy_healthy,synthetic_draft_v0_pending_minitab_grounding
C00152,L001,generic_semiconductor_v0,125,leakage_current,uA,25.491,26.534,27.923,28.321,pass,,healthy,synthetic_draft_v0_pending_minitab_grounding
C00124,L001,generic_semiconductor_v0,125,leakage_current,uA,17.834,18.247,20.312,21.49,pass,,healthy,synthetic_draft_v0_pending_minitab_grounding
C00039,L001,generic_semiconductor_v0,25,leakage_current,uA,8.36,9.039,8.75,10.138,pass,,healthy,synthetic_draft_v0_pending_minitab_grounding
C00131,L001,generic_semiconductor_v0,125,leakage_current,uA,32.185,37.903,134.493,47.937,fail,96,spike_recovery,synthetic_draft_v0_pending_minitab_grounding
C00456,L003,generic_semiconductor_v0,85,leakage_current,uA,14.062,15.208,14.181,17.933,pass,,noisy_healthy,synthetic_draft_v0_pending_minitab_grounding
C00141,L001,generic_semiconductor_v0,125,leakage_current,uA,18.224,18.443,19.279,20.463,pass,,healthy,synthetic_draft_v0_pending_minitab_grounding
C00418,L003,generic_semiconductor_v0,25,leakage_current,uA,7.566,7.198,7.989,7.7,pass,,noisy_healthy,synthetic_draft_v0_pending_minitab_grounding
C00190,L002,generic_semiconductor_v0,25,leakage_current,uA,8.398,9.371,12.617,15.853,monitor,,slow_drift,synthetic_draft_v0_pending_minitab_grounding
C00069,L001,generic_semiconductor_v0,85,leakage_current,uA,16.716,20.291,27.435,38.814,monitor,,slow_drift,synthetic_draft_v0_pending_minitab_grounding
C00441,L003,generic_semiconductor_v0,85,leakage_current,uA,19.448,22.689,20.544,20.822,pass,,noisy_healthy,synthetic_draft_v0_pending_minitab_grounding
C00490,L003,generic_semiconductor_v0,125,leakage_current,uA,23.565,23.406,26.011,27.108,pass,,healthy,synthetic_draft_v0_pending_minitab_grounding
C00287,L002,generic_semiconductor_v0,85,leakage_current,uA,13.561,16.187,43.147,94.861,fail,168,accelerating_drift,synthetic_draft_v0_pending_minitab_grounding
C00302,L002,generic_semiconductor_v0,125,leakage_current,uA,34.575,35.27,37.668,38.073,pass,,healthy,synthetic_draft_v0_pending_minitab_grounding
C00259,L002,generic_semiconductor_v0,85,leakage_current,uA,15.342,17.044,23.7,28.104,monitor,,slow_drift,synthetic_draft_v0_pending_minitab_grounding
C00285,L002,generic_semiconductor_v0,85,leakage_current,uA,15.916,16.13,17.383,17.051,pass,,healthy,synthetic_draft_v0_pending_minitab_grounding
C00538,L003,generic_semiconductor_v0,125,leakage_current,uA,20.804,22.057,23.613,24.34,pass,,healthy,synthetic_draft_v0_pending_minitab_grounding
C00329,L002,generic_semiconductor_v0,125,leakage_current,uA,27.795,85.715,88.775,92.985,fail,24,sudden_spike,synthetic_draft_v0_pending_minitab_grounding
C00461,L003,generic_semiconductor_v0,85,leakage_current,uA,11.44,11.684,12.554,14.255,pass,,healthy,synthetic_draft_v0_pending_minitab_grounding
C00498,L003,generic_semiconductor_v0,125,leakage_current,uA,19.369,22.824,19.18,21.215,pass,,noisy_healthy,synthetic_draft_v0_pending_minitab_grounding
C00019,L001,generic_semiconductor_v0,25,leakage_current,uA,9.813,9.832,10.178,11.151,pass,,healthy,synthetic_draft_v0_pending_minitab_grounding
C00520,L003,generic_semiconductor_v0,125,leakage_current,uA,25.674,29.584,41.14,52.638,fail,168,slow_drift,synthetic_draft_v0_pending_minitab_grounding
C00209,L002,generic_semiconductor_v0,25,leakage_current,uA,11.256,10.813,11.882,11.98,pass,,healthy,synthetic_draft_v0_pending_minitab_grounding
C00013,L001,generic_semiconductor_v0,25,leakage_current,uA,8.458,7.991,8.683,9.147,pass,,healthy,synthetic_draft_v0_pending_minitab_grounding
C00066,L001,generic_semiconductor_v0,85,leakage_current,uA,14.15,14.366,15.093,16.162,pass,,healthy,synthetic_draft_v0_pending_minitab_grounding
C00311,L002,generic_semiconductor_v0,125,leakage_current,uA,29.736,31.846,33.05,32.305,pass,,healthy,synthetic_draft_v0_pending_minitab_grounding
C00208,L002,generic_semiconductor_v0,25,leakage_current,uA,8.414,8.486,8.761,9.171,pass,,healthy,synthetic_draft_v0_pending_minitab_grounding
C00521,L003,generic_semiconductor_v0,125,leakage_current,uA,22.635,21.867,25.428,29.554,pass,,noisy_healthy,synthetic_draft_v0_pending_minitab_grounding
C00466,L003,generic_semiconductor_v0,85,leakage_current,uA,14.489,17.968,24.731,32.84,monitor,,slow_drift,synthetic_draft_v0_pending_minitab_grounding
C00295,L002,generic_semiconductor_v0,85,leakage_current,uA,17.724,18.042,19.248,18.114,pass,,healthy,synthetic_draft_v0_pending_minitab_grounding
C00334,L002,generic_semiconductor_v0,125,leakage_current,uA,24.246,23.487,27.64,28.437,pass,,healthy,synthetic_draft_v0_pending_minitab_grounding
C00375,L003,generic_semiconductor_v0,25,leakage_current,uA,9.644,9.702,10.623,11.439,pass,,healthy,synthetic_draft_v0_pending_minitab_grounding
C00215,L002,generic_semiconductor_v0,25,leakage_current,uA,7.286,8.04,12.428,16.28,monitor,,slow_drift,synthetic_draft_v0_pending_minitab_grounding
C00237,L002,generic_semiconductor_v0,25,leakage_current,uA,9.6,9.824,10.531,11.238,pass,,healthy,synthetic_draft_v0_pending_minitab_grounding
C00052,L001,generic_semiconductor_v0,25,leakage_current,uA,9.316,11.447,27.449,61.021,fail,168,accelerating_drift,synthetic_draft_v0_pending_minitab_grounding
C00009,L001,generic_semiconductor_v0,25,leakage_current,uA,9.363,10.858,18.263,34.848,investigate,,accelerating_drift,synthetic_draft_v0_pending_minitab_grounding
C00315,L002,generic_semiconductor_v0,125,leakage_current,uA,20.596,20.337,21.549,22.349,pass,,healthy,synthetic_draft_v0_pending_minitab_grounding
C00034,L001,generic_semiconductor_v0,25,leakage_current,uA,8.183,7.717,8.729,8.794,pass,,noisy_healthy,synthetic_draft_v0_pending_minitab_grounding
C00332,L002,generic_semiconductor_v0,125,leakage_current,uA,27.944,27.043,36.335,34.195,pass,,noisy_healthy,synthetic_draft_v0_pending_minitab_grounding
C00411,L003,generic_semiconductor_v0,25,leakage_current,uA,10.923,11.408,11.842,11.79,pass,,healthy,synthetic_draft_v0_pending_minitab_grounding
C00404,L003,generic_semiconductor_v0,25,leakage_current,uA,6.983,7.136,7.379,7.827,pass,,healthy,synthetic_draft_v0_pending_minitab_grounding
C00025,L001,generic_semiconductor_v0,25,leakage_current,uA,7.048,7.946,7.834,8.269,pass,,healthy,synthetic_draft_v0_pending_minitab_grounding
C00308,L002,generic_semiconductor_v0,125,leakage_current,uA,25.249,23.525,121.012,36.337,fail,96,spike_recovery,synthetic_draft_v0_pending_minitab_grounding
C00355,L002,generic_semiconductor_v0,125,leakage_current,uA,27.891,27.463,29.167,30.3,pass,,healthy,synthetic_draft_v0_pending_minitab_grounding
C00105,L001,generic_semiconductor_v0,85,leakage_current,uA,13.197,13.713,14.195,14.42,pass,,healthy,synthetic_draft_v0_pending_minitab_grounding
C00251,L002,generic_semiconductor_v0,85,leakage_current,uA,15.422,16.012,39.517,84.762,fail,168,accelerating_drift,synthetic_draft_v0_pending_minitab_grounding
C00073,L001,generic_semiconductor_v0,85,leakage_current,uA,17.639,18.196,19.234,21.065,pass,,healthy,synthetic_draft_v0_pending_minitab_grounding
C00157,L001,generic_semiconductor_v0,125,leakage_current,uA,27.296,26.394,28.673,31.265,pass,,healthy,synthetic_draft_v0_pending_minitab_grounding
C00193,L002,generic_semiconductor_v0,25,leakage_current,uA,9.358,9.817,10.043,10.739,pass,,healthy,synthetic_draft_v0_pending_minitab_grounding
C00197,L002,generic_semiconductor_v0,25,leakage_current,uA,7.623,8.689,7.145,8.089,pass,,noisy_healthy,synthetic_draft_v0_pending_minitab_grounding
C00320,L002,generic_semiconductor_v0,125,leakage_current,uA,33.174,37.859,50.698,63.905,fail,96,slow_drift,synthetic_draft_v0_pending_minitab_grounding
C00366,L003,generic_semiconductor_v0,25,leakage_current,uA,9.133,9.601,9.742,10.561,pass,,healthy,synthetic_draft_v0_pending_minitab_grounding
C00524,L003,generic_semiconductor_v0,125,leakage_current,uA,27.394,26.587,107.629,39.639,fail,96,spike_recovery,synthetic_draft_v0_pending_minitab_grounding
C00100,L001,generic_semiconductor_v0,85,leakage_current,uA,18.885,18.79,20.695,22.101,pass,,healthy,synthetic_draft_v0_pending_minitab_grounding
C00248,L002,generic_semiconductor_v0,85,leakage_current,uA,17.304,17.377,18.225,20.7,pass,,healthy,synthetic_draft_v0_pending_minitab_grounding
C00169,L001,generic_semiconductor_v0,125,leakage_current,uA,23.967,31.277,55.538,113.413,fail,96,accelerating_drift,synthetic_draft_v0_pending_minitab_grounding
C00312,L002,generic_semiconductor_v0,125,leakage_current,uA,38.267,37.787,41.592,41.884,pass,,healthy,synthetic_draft_v0_pending_minitab_grounding
C00493,L003,generic_semiconductor_v0,125,leakage_current,uA,33.082,34.371,36.678,39.009,pass,,healthy,synthetic_draft_v0_pending_minitab_grounding
C00540,L003,generic_semiconductor_v0,125,leakage_current,uA,24.906,27.391,61.13,127.808,fail,96,accelerating_drift,synthetic_draft_v0_pending_minitab_grounding
C00435,L003,generic_semiconductor_v0,85,leakage_current,uA,12.825,13.933,25.817,49.943,fail,121.7,accelerating_drift,synthetic_draft_v0_pending_minitab_grounding
C00496,L003,generic_semiconductor_v0,125,leakage_current,uA,22.694,22.415,23.395,23.908,pass,,healthy,synthetic_draft_v0_pending_minitab_grounding
C00250,L002,generic_semiconductor_v0,85,leakage_current,uA,16.915,19.508,28.948,36.953,monitor,,slow_drift,synthetic_draft_v0_pending_minitab_grounding
C00261,L002,generic_semiconductor_v0,85,leakage_current,uA,14.002,14.569,13.936,15.328,pass,,healthy,synthetic_draft_v0_pending_minitab_grounding
C00205,L002,generic_semiconductor_v0,25,leakage_current,uA,6.675,7.518,11.016,13.651,monitor,,slow_drift,synthetic_draft_v0_pending_minitab_grounding
C00098,L001,generic_semiconductor_v0,85,leakage_current,uA,16.886,20.279,51.953,116.008,fail,96,accelerating_drift,synthetic_draft_v0_pending_minitab_grounding
C00278,L002,generic_semiconductor_v0,85,leakage_current,uA,13.101,15.526,22.925,31.401,monitor,,slow_drift,synthetic_draft_v0_pending_minitab_grounding
C00164,L001,generic_semiconductor_v0,125,leakage_current,uA,34.529,42.813,97.495,207.421,fail,96,accelerating_drift,synthetic_draft_v0_pending_minitab_grounding
C00528,L003,generic_semiconductor_v0,125,leakage_current,uA,30.002,30.398,32.489,33.962,pass,,healthy,synthetic_draft_v0_pending_minitab_grounding
C00410,L003,generic_semiconductor_v0,25,leakage_current,uA,10.029,10.706,35.035,12.816,monitor,,spike_recovery,synthetic_draft_v0_pending_minitab_grounding
C00349,L002,generic_semiconductor_v0,125,leakage_current,uA,26.128,25.641,28.504,28.527,pass,,healthy,synthetic_draft_v0_pending_minitab_grounding
C00210,L002,generic_semiconductor_v0,25,leakage_current,uA,9.097,10.689,13.611,17.343,monitor,,slow_drift,synthetic_draft_v0_pending_minitab_grounding
C00445,L003,generic_semiconductor_v0,85,leakage_current,uA,15.387,16.18,14.841,18.256,pass,,noisy_healthy,synthetic_draft_v0_pending_minitab_grounding
C00377,L003,generic_semiconductor_v0,25,leakage_current,uA,8.449,38.028,37.081,38.168,investigate,,sudden_spike,synthetic_draft_v0_pending_minitab_grounding
C00116,L001,generic_semiconductor_v0,85,leakage_current,uA,17.554,17.502,16.893,18.436,pass,,healthy,synthetic_draft_v0_pending_minitab_grounding
C00426,L003,generic_semiconductor_v0,85,leakage_current,uA,16.026,18.68,26.934,34.009,monitor,,slow_drift,synthetic_draft_v0_pending_minitab_grounding
C00136,L001,generic_semiconductor_v0,125,leakage_current,uA,25.177,26.007,24.946,27.277,pass,,healthy,synthetic_draft_v0_pending_minitab_grounding
C00532,L003,generic_semiconductor_v0,125,leakage_current,uA,30.361,60.357,61.034,61.206,fail,24,stable_unusual,synthetic_draft_v0_pending_minitab_grounding
C00506,L003,generic_semiconductor_v0,125,leakage_current,uA,31.624,33.129,36.289,39.81,pass,,noisy_healthy,synthetic_draft_v0_pending_minitab_grounding
C00361,L003,generic_semiconductor_v0,25,leakage_current,uA,11.04,11.356,11.422,11.349,pass,,healthy,synthetic_draft_v0_pending_minitab_grounding
C00398,L003,generic_semiconductor_v0,25,leakage_current,uA,8.174,7.207,54.72,51.166,fail,96,sudden_spike,synthetic_draft_v0_pending_minitab_grounding
C00071,L001,generic_semiconductor_v0,85,leakage_current,uA,17.883,19.492,54.403,122.374,fail,96,accelerating_drift,synthetic_draft_v0_pending_minitab_grounding
C00423,L003,generic_semiconductor_v0,85,leakage_current,uA,16.157,16.238,16.279,17.275,pass,,healthy,synthetic_draft_v0_pending_minitab_grounding
C00421,L003,generic_semiconductor_v0,85,leakage_current,uA,15.051,34.157,34.899,33.581,monitor,,stable_unusual,synthetic_draft_v0_pending_minitab_grounding
C00083,L001,generic_semiconductor_v0,85,leakage_current,uA,15.479,18.253,42.268,87.426,fail,168,accelerating_drift,synthetic_draft_v0_pending_minitab_grounding
C00090,L001,generic_semiconductor_v0,85,leakage_current,uA,16.005,61.639,24.553,16.078,fail,24,spike_recovery,synthetic_draft_v0_pending_minitab_grounding
C00341,L002,generic_semiconductor_v0,125,leakage_current,uA,23.026,23.558,25.973,27.017,pass,,healthy,synthetic_draft_v0_pending_minitab_grounding
C00048,L001,generic_semiconductor_v0,25,leakage_current,uA,7.442,7.775,8.235,8.161,pass,,healthy,synthetic_draft_v0_pending_minitab_grounding
C00480,L003,generic_semiconductor_v0,85,leakage_current,uA,18.916,19.289,20.058,22.125,pass,,healthy,synthetic_draft_v0_pending_minitab_grounding
C00420,L003,generic_semiconductor_v0,25,leakage_current,uA,8.009,7.614,29.246,10.087,monitor,,spike_recovery,synthetic_draft_v0_pending_minitab_grounding
C00126,L001,generic_semiconductor_v0,125,leakage_current,uA,28.313,25.983,29.658,27.76,pass,,noisy_healthy,synthetic_draft_v0_pending_minitab_grounding
C00533,L003,generic_semiconductor_v0,125,leakage_current,uA,25.031,27.117,40.543,51.671,fail,168,slow_drift,synthetic_draft_v0_pending_minitab_grounding
C00503,L003,generic_semiconductor_v0,125,leakage_current,uA,27.437,30.327,31.439,31.991,pass,,noisy_healthy,synthetic_draft_v0_pending_minitab_grounding
C00076,L001,generic_semiconductor_v0,85,leakage_current,uA,18.274,18.786,19.695,20.53,pass,,healthy,synthetic_draft_v0_pending_minitab_grounding
C00144,L001,generic_semiconductor_v0,125,leakage_current,uA,28.397,28.908,29.355,30.14,pass,,healthy,synthetic_draft_v0_pending_minitab_grounding
C00226,L002,generic_semiconductor_v0,25,leakage_current,uA,6.808,7.185,15.993,30.796,investigate,,accelerating_drift,synthetic_draft_v0_pending_minitab_grounding
C00181,L002,generic_semiconductor_v0,25,leakage_current,uA,5.868,6.151,6.717,6.613,pass,,healthy,synthetic_draft_v0_pending_minitab_grounding
C00235,L002,generic_semiconductor_v0,25,leakage_current,uA,6.416,6.295,6.362,6.837,pass,,healthy,synthetic_draft_v0_pending_minitab_grounding
C00011,L001,generic_semiconductor_v0,25,leakage_current,uA,9.142,8.711,10.58,10.606,pass,,healthy,synthetic_draft_v0_pending_minitab_grounding
C00345,L002,generic_semiconductor_v0,125,leakage_current,uA,24.341,25.58,26.256,29.987,pass,,healthy,synthetic_draft_v0_pending_minitab_grounding
C00035,L001,generic_semiconductor_v0,25,leakage_current,uA,6.938,7.295,7.423,7.731,pass,,noisy_healthy,synthetic_draft_v0_pending_minitab_grounding
C00497,L003,generic_semiconductor_v0,125,leakage_current,uA,16.673,20.949,29.407,40.181,monitor,,slow_drift,synthetic_draft_v0_pending_minitab_grounding
C00286,L002,generic_semiconductor_v0,85,leakage_current,uA,13.96,14.146,15.139,16.673,pass,,healthy,synthetic_draft_v0_pending_minitab_grounding
C00338,L002,generic_semiconductor_v0,125,leakage_current,uA,21.685,21.488,23.473,23.738,pass,,healthy,synthetic_draft_v0_pending_minitab_grounding
C00396,L003,generic_semiconductor_v0,25,leakage_current,uA,6.001,7.416,16.031,32.202,investigate,,accelerating_drift,synthetic_draft_v0_pending_minitab_grounding
C00401,L003,generic_semiconductor_v0,25,leakage_current,uA,7.538,7.557,8.67,9.028,pass,,healthy,synthetic_draft_v0_pending_minitab_grounding
C00050,L001,generic_semiconductor_v0,25,leakage_current,uA,8.939,9.008,10.226,10.341,pass,,healthy,synthetic_draft_v0_pending_minitab_grounding
C00406,L003,generic_semiconductor_v0,25,leakage_current,uA,7.95,8.003,8.534,9.541,pass,,healthy,synthetic_draft_v0_pending_minitab_grounding
C00371,L003,generic_semiconductor_v0,25,leakage_current,uA,8.814,10.33,11.166,10.838,pass,,noisy_healthy,synthetic_draft_v0_pending_minitab_grounding
C00207,L002,generic_semiconductor_v0,25,leakage_current,uA,7.052,7.17,7.195,7.487,pass,,healthy,synthetic_draft_v0_pending_minitab_grounding
C00089,L001,generic_semiconductor_v0,85,leakage_current,uA,12.628,12.716,14.237,13.602,pass,,noisy_healthy,synthetic_draft_v0_pending_minitab_grounding
C00368,L003,generic_semiconductor_v0,25,leakage_current,uA,7.252,7.463,7.663,8.778,pass,,noisy_healthy,synthetic_draft_v0_pending_minitab_grounding
C00242,L002,generic_semiconductor_v0,85,leakage_current,uA,16.121,16.199,15.809,17.272,pass,,healthy,synthetic_draft_v0_pending_minitab_grounding
C00202,L002,generic_semiconductor_v0,25,leakage_current,uA,8.964,39.32,11.187,12.026,monitor,,spike_recovery,synthetic_draft_v0_pending_minitab_grounding
C00143,L001,generic_semiconductor_v0,125,leakage_current,uA,23.493,24.177,24.717,27.41,pass,,healthy,synthetic_draft_v0_pending_minitab_grounding
C00282,L002,generic_semiconductor_v0,85,leakage_current,uA,15.224,15.37,16.236,17.753,pass,,healthy,synthetic_draft_v0_pending_minitab_grounding
C00060,L001,generic_semiconductor_v0,25,leakage_current,uA,8.366,8.775,9.206,10.205,pass,,healthy,synthetic_draft_v0_pending_minitab_grounding
C00262,L002,generic_semiconductor_v0,85,leakage_current,uA,17.619,18.047,18.705,21.289,pass,,noisy_healthy,synthetic_draft_v0_pending_minitab_grounding
C00472,L003,generic_semiconductor_v0,85,leakage_current,uA,17.271,17.413,19.084,20.131,pass,,healthy,synthetic_draft_v0_pending_minitab_grounding
C00468,L003,generic_semiconductor_v0,85,leakage_current,uA,13.548,14.323,14.475,14.069,pass,,healthy,synthetic_draft_v0_pending_minitab_grounding
C00263,L002,generic_semiconductor_v0,85,leakage_current,uA,21.098,21.463,21.581,23.05,pass,,healthy,synthetic_draft_v0_pending_minitab_grounding
C00416,L003,generic_semiconductor_v0,25,leakage_current,uA,8.408,9.009,9.16,9.707,pass,,healthy,synthetic_draft_v0_pending_minitab_grounding
C00180,L001,generic_semiconductor_v0,125,leakage_current,uA,21.226,23.183,23.442,20.859,pass,,noisy_healthy,synthetic_draft_v0_pending_minitab_grounding
C00040,L001,generic_semiconductor_v0,25,leakage_current,uA,8.925,8.653,10.064,10.111,pass,,healthy,synthetic_draft_v0_pending_minitab_grounding
C00283,L002,generic_semiconductor_v0,85,leakage_current,uA,15.406,16.871,16.319,18.005,pass,,healthy,synthetic_draft_v0_pending_minitab_grounding
C00092,L001,generic_semiconductor_v0,85,leakage_current,uA,12.989,13.992,19.679,27.553,monitor,,slow_drift,synthetic_draft_v0_pending_minitab_grounding
C00388,L003,generic_semiconductor_v0,25,leakage_current,uA,7.946,8.813,6.904,6.924,pass,,noisy_healthy,synthetic_draft_v0_pending_minitab_grounding
C00016,L001,generic_semiconductor_v0,25,leakage_current,uA,11.042,11.54,12.059,12.606,pass,,healthy,synthetic_draft_v0_pending_minitab_grounding
C00161,L001,generic_semiconductor_v0,125,leakage_current,uA,29.315,30.29,31.937,33.314,pass,,healthy,synthetic_draft_v0_pending_minitab_grounding
C00195,L002,generic_semiconductor_v0,25,leakage_current,uA,6.51,7.372,10.294,12.82,monitor,,slow_drift,synthetic_draft_v0_pending_minitab_grounding
C00239,L002,generic_semiconductor_v0,25,leakage_current,uA,5.821,6.137,6.517,6.854,pass,,healthy,synthetic_draft_v0_pending_minitab_grounding
C00087,L001,generic_semiconductor_v0,85,leakage_current,uA,14.713,14.57,14.476,15.728,pass,,noisy_healthy,synthetic_draft_v0_pending_minitab_grounding
C00414,L003,generic_semiconductor_v0,25,leakage_current,uA,10.104,12.007,16.278,20.772,monitor,,slow_drift,synthetic_draft_v0_pending_minitab_grounding
C00318,L002,generic_semiconductor_v0,125,leakage_current,uA,25.204,21.77,24.132,28.898,pass,,noisy_healthy,synthetic_draft_v0_pending_minitab_grounding
C00024,L001,generic_semiconductor_v0,25,leakage_current,uA,9.282,9.55,9.422,10.104,pass,,healthy,synthetic_draft_v0_pending_minitab_grounding
C00296,L002,generic_semiconductor_v0,85,leakage_current,uA,14.883,14.963,16.081,16.906,pass,,healthy,synthetic_draft_v0_pending_minitab_grounding
C00365,L003,generic_semiconductor_v0,25,leakage_current,uA,9.04,9.124,10.02,9.783,pass,,noisy_healthy,synthetic_draft_v0_pending_minitab_grounding
C00064,L001,generic_semiconductor_v0,85,leakage_current,uA,12.79,13.102,13.58,13.432,pass,,healthy,synthetic_draft_v0_pending_minitab_grounding
C00409,L003,generic_semiconductor_v0,25,leakage_current,uA,8.903,9.215,9.684,9.585,pass,,healthy,synthetic_draft_v0_pending_minitab_grounding
C00535,L003,generic_semiconductor_v0,125,leakage_current,uA,26.622,27.198,29.533,29.566,pass,,healthy,synthetic_draft_v0_pending_minitab_grounding
C00403,L003,generic_semiconductor_v0,25,leakage_current,uA,8.29,9.782,12.587,15.696,monitor,,slow_drift,synthetic_draft_v0_pending_minitab_grounding
C00436,L003,generic_semiconductor_v0,85,leakage_current,uA,21.804,21.23,22.766,22.817,pass,,healthy,synthetic_draft_v0_pending_minitab_grounding
C00380,L003,generic_semiconductor_v0,25,leakage_current,uA,6.864,7.127,7.76,7.922,pass,,healthy,synthetic_draft_v0_pending_minitab_grounding
C00325,L002,generic_semiconductor_v0,125,leakage_current,uA,27.068,27.879,28.427,29.38,pass,,healthy,synthetic_draft_v0_pending_minitab_grounding
C00536,L003,generic_semiconductor_v0,125,leakage_current,uA,18.841,18.774,20.259,20.472,pass,,healthy,synthetic_draft_v0_pending_minitab_grounding
C00374,L003,generic_semiconductor_v0,25,leakage_current,uA,8.611,10.335,17.128,33.388,investigate,,accelerating_drift,synthetic_draft_v0_pending_minitab_grounding
C00062,L001,generic_semiconductor_v0,85,leakage_current,uA,24.696,30.588,45.059,57.495,fail,168,slow_drift,synthetic_draft_v0_pending_minitab_grounding
C00142,L001,generic_semiconductor_v0,125,leakage_current,uA,18.788,18.403,19.365,19.422,pass,,healthy,synthetic_draft_v0_pending_minitab_grounding
C00476,L003,generic_semiconductor_v0,85,leakage_current,uA,19.171,46.697,46.79,47.575,monitor,,stable_unusual,synthetic_draft_v0_pending_minitab_grounding
C00363,L003,generic_semiconductor_v0,25,leakage_current,uA,9.52,9.913,10.472,10.327,pass,,healthy,synthetic_draft_v0_pending_minitab_grounding
C00437,L003,generic_semiconductor_v0,85,leakage_current,uA,19.465,20.385,19.82,20.946,pass,,healthy,synthetic_draft_v0_pending_minitab_grounding
C00419,L003,generic_semiconductor_v0,25,leakage_current,uA,7.456,8.595,10.676,14.013,monitor,,slow_drift,synthetic_draft_v0_pending_minitab_grounding
C00485,L003,generic_semiconductor_v0,125,leakage_current,uA,25.963,29.835,28.172,29.564,pass,,noisy_healthy,synthetic_draft_v0_pending_minitab_grounding
C00058,L001,generic_semiconductor_v0,25,leakage_current,uA,7.071,8.424,12.559,16.463,monitor,,slow_drift,synthetic_draft_v0_pending_minitab_grounding
C00439,L003,generic_semiconductor_v0,85,leakage_current,uA,21.388,20.156,23.713,26.234,pass,,noisy_healthy,synthetic_draft_v0_pending_minitab_grounding
C00027,L001,generic_semiconductor_v0,25,leakage_current,uA,6.429,6.635,6.738,7.331,pass,,healthy,synthetic_draft_v0_pending_minitab_grounding
C00185,L002,generic_semiconductor_v0,25,leakage_current,uA,7.981,7.958,49.041,47.741,investigate,,sudden_spike,synthetic_draft_v0_pending_minitab_grounding
C00291,L002,generic_semiconductor_v0,85,leakage_current,uA,17.024,19.064,25.71,30.63,monitor,,slow_drift,synthetic_draft_v0_pending_minitab_grounding
C00153,L001,generic_semiconductor_v0,125,leakage_current,uA,23.087,24.026,31.914,40.18,monitor,,slow_drift,synthetic_draft_v0_pending_minitab_grounding
C00412,L003,generic_semiconductor_v0,25,leakage_current,uA,8.987,8.667,9.55,9.901,pass,,healthy,synthetic_draft_v0_pending_minitab_grounding
C00130,L001,generic_semiconductor_v0,125,leakage_current,uA,24.573,26.621,39.89,50.327,fail,168,slow_drift,synthetic_draft_v0_pending_minitab_grounding
C00297,L002,generic_semiconductor_v0,85,leakage_current,uA,15.88,44.23,43.817,43.128,monitor,,stable_unusual,synthetic_draft_v0_pending_minitab_grounding
C00376,L003,generic_semiconductor_v0,25,leakage_current,uA,8.7,8.757,9.096,9.226,pass,,healthy,synthetic_draft_v0_pending_minitab_grounding
C00022,L001,generic_semiconductor_v0,25,leakage_current,uA,8.253,8.091,51.618,51.934,fail,96,sudden_spike,synthetic_draft_v0_pending_minitab_grounding
C00516,L003,generic_semiconductor_v0,125,leakage_current,uA,35.038,43.307,56.464,77.916,fail,96,slow_drift,synthetic_draft_v0_pending_minitab_grounding
C00515,L003,generic_semiconductor_v0,125,leakage_current,uA,25.181,28.911,41.28,50.368,fail,168,slow_drift,synthetic_draft_v0_pending_minitab_grounding
C00316,L002,generic_semiconductor_v0,125,leakage_current,uA,27.001,27.109,30.405,30.481,pass,,healthy,synthetic_draft_v0_pending_minitab_grounding
C00369,L003,generic_semiconductor_v0,25,leakage_current,uA,10.91,11.646,18.667,24.753,monitor,,slow_drift,synthetic_draft_v0_pending_minitab_grounding
C00470,L003,generic_semiconductor_v0,85,leakage_current,uA,21.476,22.438,23.972,25.762,pass,,healthy,synthetic_draft_v0_pending_minitab_grounding
C00107,L001,generic_semiconductor_v0,85,leakage_current,uA,15.642,72.939,69.925,78.698,fail,24,sudden_spike,synthetic_draft_v0_pending_minitab_grounding
C00494,L003,generic_semiconductor_v0,125,leakage_current,uA,20.248,20.773,40.943,77.442,fail,168,accelerating_drift,synthetic_draft_v0_pending_minitab_grounding
C00473,L003,generic_semiconductor_v0,85,leakage_current,uA,27.449,29.45,29.232,28.746,pass,,healthy,synthetic_draft_v0_pending_minitab_grounding
C00236,L002,generic_semiconductor_v0,25,leakage_current,uA,7.544,7.786,8.282,8.747,pass,,healthy,synthetic_draft_v0_pending_minitab_grounding
C00102,L001,generic_semiconductor_v0,85,leakage_current,uA,9.097,10.821,16.165,20.843,monitor,,slow_drift,synthetic_draft_v0_pending_minitab_grounding
C00440,L003,generic_semiconductor_v0,85,leakage_current,uA,15.547,17.444,34.273,70.213,fail,168,accelerating_drift,synthetic_draft_v0_pending_minitab_grounding
C00451,L003,generic_semiconductor_v0,85,leakage_current,uA,15.41,18.169,23.11,27.379,monitor,,slow_drift,synthetic_draft_v0_pending_minitab_grounding
C00408,L003,generic_semiconductor_v0,25,leakage_current,uA,7.143,8.154,10.467,13.215,monitor,,slow_drift,synthetic_draft_v0_pending_minitab_grounding
C00198,L002,generic_semiconductor_v0,25,leakage_current,uA,6.337,28.705,8.512,10.217,monitor,,spike_recovery,synthetic_draft_v0_pending_minitab_grounding
C00486,L003,generic_semiconductor_v0,125,leakage_current,uA,23.075,22.818,26.952,25.588,pass,,noisy_healthy,synthetic_draft_v0_pending_minitab_grounding
C00063,L001,generic_semiconductor_v0,85,leakage_current,uA,17.406,98.878,99.154,99.389,fail,24,sudden_spike,synthetic_draft_v0_pending_minitab_grounding
C00007,L001,generic_semiconductor_v0,25,leakage_current,uA,9.542,10.116,10.55,10.788,pass,,healthy,synthetic_draft_v0_pending_minitab_grounding
C00196,L002,generic_semiconductor_v0,25,leakage_current,uA,8.28,11.293,15.227,19.197,monitor,,slow_drift,synthetic_draft_v0_pending_minitab_grounding
C00483,L003,generic_semiconductor_v0,125,leakage_current,uA,26.357,30.953,69.514,142.6,fail,96,accelerating_drift,synthetic_draft_v0_pending_minitab_grounding
C00099,L001,generic_semiconductor_v0,85,leakage_current,uA,15.837,16.295,17.153,17.076,pass,,healthy,synthetic_draft_v0_pending_minitab_grounding
C00093,L001,generic_semiconductor_v0,85,leakage_current,uA,15.752,16.194,16.806,16.828,pass,,healthy,synthetic_draft_v0_pending_minitab_grounding
C00394,L003,generic_semiconductor_v0,25,leakage_current,uA,10.291,10.036,11.775,12.886,pass,,noisy_healthy,synthetic_draft_v0_pending_minitab_grounding
C00279,L002,generic_semiconductor_v0,85,leakage_current,uA,14.983,13.998,38.849,22.426,monitor,,spike_recovery,synthetic_draft_v0_pending_minitab_grounding
C00037,L001,generic_semiconductor_v0,25,leakage_current,uA,8.711,8.963,9.504,9.707,pass,,healthy,synthetic_draft_v0_pending_minitab_grounding
C00201,L002,generic_semiconductor_v0,25,leakage_current,uA,11.842,12.104,12.476,13.13,pass,,healthy,synthetic_draft_v0_pending_minitab_grounding
C00507,L003,generic_semiconductor_v0,125,leakage_current,uA,26.225,26.909,120.776,122.07,fail,96,sudden_spike,synthetic_draft_v0_pending_minitab_grounding
C00029,L001,generic_semiconductor_v0,25,leakage_current,uA,6.058,6.274,6.702,7.254,pass,,healthy,synthetic_draft_v0_pending_minitab_grounding
C00075,L001,generic_semiconductor_v0,85,leakage_current,uA,18.394,18.738,19.884,23.082,pass,,healthy,synthetic_draft_v0_pending_minitab_grounding
C00042,L001,generic_semiconductor_v0,25,leakage_current,uA,5.963,6.359,6.365,6.482,pass,,healthy,synthetic_draft_v0_pending_minitab_grounding
C00170,L001,generic_semiconductor_v0,125,leakage_current,uA,32.657,33.652,36.046,37.784,pass,,healthy,synthetic_draft_v0_pending_minitab_grounding
C00017,L001,generic_semiconductor_v0,25,leakage_current,uA,9.061,18.359,18.432,18.417,monitor,,stable_unusual,synthetic_draft_v0_pending_minitab_grounding
C00238,L002,generic_semiconductor_v0,25,leakage_current,uA,7.552,8.711,6.988,8.202,pass,,noisy_healthy,synthetic_draft_v0_pending_minitab_grounding
C00191,L002,generic_semiconductor_v0,25,leakage_current,uA,9.251,9.193,9.74,10.231,pass,,healthy,synthetic_draft_v0_pending_minitab_grounding
C00256,L002,generic_semiconductor_v0,85,leakage_current,uA,14.535,14.469,15.707,15.696,pass,,healthy,synthetic_draft_v0_pending_minitab_grounding
C00160,L001,generic_semiconductor_v0,125,leakage_current,uA,25.611,26.823,27.0,29.095,pass,,healthy,synthetic_draft_v0_pending_minitab_grounding
C00216,L002,generic_semiconductor_v0,25,leakage_current,uA,9.085,9.768,9.885,10.469,pass,,healthy,synthetic_draft_v0_pending_minitab_grounding
C00176,L001,generic_semiconductor_v0,125,leakage_current,uA,25.645,27.295,37.688,47.323,monitor,,slow_drift,synthetic_draft_v0_pending_minitab_grounding
C00112,L001,generic_semiconductor_v0,85,leakage_current,uA,17.115,17.577,17.324,16.822,pass,,noisy_healthy,synthetic_draft_v0_pending_minitab_grounding
C00253,L002,generic_semiconductor_v0,85,leakage_current,uA,15.366,14.427,15.777,17.026,pass,,noisy_healthy,synthetic_draft_v0_pending_minitab_grounding
C00008,L001,generic_semiconductor_v0,25,leakage_current,uA,8.618,8.699,9.114,9.381,pass,,healthy,synthetic_draft_v0_pending_minitab_grounding
C00510,L003,generic_semiconductor_v0,125,leakage_current,uA,24.358,23.763,26.329,28.816,pass,,healthy,synthetic_draft_v0_pending_minitab_grounding
C00047,L001,generic_semiconductor_v0,25,leakage_current,uA,7.411,7.481,7.547,8.448,pass,,noisy_healthy,synthetic_draft_v0_pending_minitab_grounding
C00120,L001,generic_semiconductor_v0,85,leakage_current,uA,20.97,20.19,23.255,25.122,pass,,healthy,synthetic_draft_v0_pending_minitab_grounding
C00386,L003,generic_semiconductor_v0,25,leakage_current,uA,10.014,10.911,10.629,11.112,pass,,healthy,synthetic_draft_v0_pending_minitab_grounding
C00225,L002,generic_semiconductor_v0,25,leakage_current,uA,9.134,10.046,45.638,13.035,monitor,,spike_recovery,synthetic_draft_v0_pending_minitab_grounding
C00446,L003,generic_semiconductor_v0,85,leakage_current,uA,15.963,15.703,16.038,17.326,pass,,healthy,synthetic_draft_v0_pending_minitab_grounding
C00525,L003,generic_semiconductor_v0,125,leakage_current,uA,24.664,25.06,25.611,24.413,pass,,healthy,synthetic_draft_v0_pending_minitab_grounding
C00145,L001,generic_semiconductor_v0,125,leakage_current,uA,19.084,18.844,20.015,20.077,pass,,healthy,synthetic_draft_v0_pending_minitab_grounding
C00474,L003,generic_semiconductor_v0,85,leakage_current,uA,12.186,12.722,11.936,12.774,pass,,healthy,synthetic_draft_v0_pending_minitab_grounding
C00096,L001,generic_semiconductor_v0,85,leakage_current,uA,14.729,14.93,15.886,15.755,pass,,healthy,synthetic_draft_v0_pending_minitab_grounding
C00488,L003,generic_semiconductor_v0,125,leakage_current,uA,19.824,22.872,22.927,22.907,pass,,noisy_healthy,synthetic_draft_v0_pending_minitab_grounding
C00393,L003,generic_semiconductor_v0,25,leakage_current,uA,7.121,7.347,7.415,7.124,pass,,noisy_healthy,synthetic_draft_v0_pending_minitab_grounding
C00026,L001,generic_semiconductor_v0,25,leakage_current,uA,9.103,8.074,46.779,42.622,fail,96.2,sudden_spike,synthetic_draft_v0_pending_minitab_grounding
C00078,L001,generic_semiconductor_v0,85,leakage_current,uA,14.615,14.58,15.345,15.738,pass,,healthy,synthetic_draft_v0_pending_minitab_grounding
C00010,L001,generic_semiconductor_v0,25,leakage_current,uA,11.157,11.044,11.966,12.379,pass,,healthy,synthetic_draft_v0_pending_minitab_grounding
C00165,L001,generic_semiconductor_v0,125,leakage_current,uA,24.474,25.56,27.473,29.703,pass,,noisy_healthy,synthetic_draft_v0_pending_minitab_grounding
C00429,L003,generic_semiconductor_v0,85,leakage_current,uA,12.317,10.725,12.556,12.728,pass,,noisy_healthy,synthetic_draft_v0_pending_minitab_grounding
C00390,L003,generic_semiconductor_v0,25,leakage_current,uA,6.224,6.436,6.668,6.576,pass,,healthy,synthetic_draft_v0_pending_minitab_grounding
C00319,L002,generic_semiconductor_v0,125,leakage_current,uA,25.569,22.003,32.942,30.354,pass,,noisy_healthy,synthetic_draft_v0_pending_minitab_grounding
C00357,L002,generic_semiconductor_v0,125,leakage_current,uA,29.786,30.45,30.789,31.668,pass,,healthy,synthetic_draft_v0_pending_minitab_grounding
C00232,L002,generic_semiconductor_v0,25,leakage_current,uA,7.865,8.06,8.18,8.062,pass,,healthy,synthetic_draft_v0_pending_minitab_grounding
C00459,L003,generic_semiconductor_v0,85,leakage_current,uA,12.873,12.98,13.31,14.274,pass,,healthy,synthetic_draft_v0_pending_minitab_grounding
C00424,L003,generic_semiconductor_v0,85,leakage_current,uA,16.024,15.87,17.694,17.314,pass,,healthy,synthetic_draft_v0_pending_minitab_grounding
C00327,L002,generic_semiconductor_v0,125,leakage_current,uA,19.501,19.283,19.058,21.115,pass,,healthy,synthetic_draft_v0_pending_minitab_grounding
C00057,L001,generic_semiconductor_v0,25,leakage_current,uA,7.518,8.594,23.352,48.026,investigate,,accelerating_drift,synthetic_draft_v0_pending_minitab_grounding
C00522,L003,generic_semiconductor_v0,125,leakage_current,uA,26.859,27.061,119.064,115.264,fail,96,sudden_spike,synthetic_draft_v0_pending_minitab_grounding
C00397,L003,generic_semiconductor_v0,25,leakage_current,uA,9.055,43.256,43.627,42.345,investigate,,sudden_spike,synthetic_draft_v0_pending_minitab_grounding
C00094,L001,generic_semiconductor_v0,85,leakage_current,uA,14.073,15.052,15.432,15.418,pass,,noisy_healthy,synthetic_draft_v0_pending_minitab_grounding
C00036,L001,generic_semiconductor_v0,25,leakage_current,uA,10.076,10.317,10.569,10.593,pass,,healthy,synthetic_draft_v0_pending_minitab_grounding
C00471,L003,generic_semiconductor_v0,85,leakage_current,uA,10.738,10.836,11.89,12.769,pass,,healthy,synthetic_draft_v0_pending_minitab_grounding
C00405,L003,generic_semiconductor_v0,25,leakage_current,uA,7.581,7.926,18.19,37.016,investigate,,accelerating_drift,synthetic_draft_v0_pending_minitab_grounding
C00138,L001,generic_semiconductor_v0,125,leakage_current,uA,20.91,20.514,90.229,91.124,fail,96,sudden_spike,synthetic_draft_v0_pending_minitab_grounding
C00273,L002,generic_semiconductor_v0,85,leakage_current,uA,20.101,21.492,21.374,21.872,pass,,healthy,synthetic_draft_v0_pending_minitab_grounding
C00530,L003,generic_semiconductor_v0,125,leakage_current,uA,29.844,31.693,32.367,32.971,pass,,healthy,synthetic_draft_v0_pending_minitab_grounding
C00449,L003,generic_semiconductor_v0,85,leakage_current,uA,15.742,16.519,17.087,17.52,pass,,healthy,synthetic_draft_v0_pending_minitab_grounding
C00433,L003,generic_semiconductor_v0,85,leakage_current,uA,17.012,16.55,34.363,65.643,fail,168,accelerating_drift,synthetic_draft_v0_pending_minitab_grounding
C00351,L002,generic_semiconductor_v0,125,leakage_current,uA,37.704,117.514,59.261,61.339,fail,24,spike_recovery,synthetic_draft_v0_pending_minitab_grounding
C00356,L002,generic_semiconductor_v0,125,leakage_current,uA,24.705,30.03,44.694,57.584,fail,168,slow_drift,synthetic_draft_v0_pending_minitab_grounding
C00314,L002,generic_semiconductor_v0,125,leakage_current,uA,30.323,29.523,32.018,33.069,pass,,healthy,synthetic_draft_v0_pending_minitab_grounding
C00265,L002,generic_semiconductor_v0,85,leakage_current,uA,16.752,111.493,109.872,109.475,fail,24,sudden_spike,synthetic_draft_v0_pending_minitab_grounding
C00123,L001,generic_semiconductor_v0,125,leakage_current,uA,21.165,22.138,29.452,35.801,monitor,,slow_drift,synthetic_draft_v0_pending_minitab_grounding
C00447,L003,generic_semiconductor_v0,85,leakage_current,uA,11.628,11.725,12.969,13.429,pass,,healthy,synthetic_draft_v0_pending_minitab_grounding
C00217,L002,generic_semiconductor_v0,25,leakage_current,uA,9.79,9.856,10.585,11.057,pass,,healthy,synthetic_draft_v0_pending_minitab_grounding
C00478,L003,generic_semiconductor_v0,85,leakage_current,uA,14.009,14.121,28.998,50.542,fail,168,accelerating_drift,synthetic_draft_v0_pending_minitab_grounding
C00460,L003,generic_semiconductor_v0,85,leakage_current,uA,19.526,19.034,91.375,22.636,fail,96,spike_recovery,synthetic_draft_v0_pending_minitab_grounding
C00113,L001,generic_semiconductor_v0,85,leakage_current,uA,17.079,17.325,19.785,19.876,pass,,healthy,synthetic_draft_v0_pending_minitab_grounding
C00194,L002,generic_semiconductor_v0,25,leakage_current,uA,9.622,9.988,13.535,16.58,monitor,,slow_drift,synthetic_draft_v0_pending_minitab_grounding
C00502,L003,generic_semiconductor_v0,125,leakage_current,uA,24.418,21.961,24.091,23.568,pass,,noisy_healthy,synthetic_draft_v0_pending_minitab_grounding
C00505,L003,generic_semiconductor_v0,125,leakage_current,uA,20.334,19.263,21.901,21.832,pass,,noisy_healthy,synthetic_draft_v0_pending_minitab_grounding
C00367,L003,generic_semiconductor_v0,25,leakage_current,uA,8.251,8.366,9.502,9.438,pass,,healthy,synthetic_draft_v0_pending_minitab_grounding
C00084,L001,generic_semiconductor_v0,85,leakage_current,uA,18.718,37.671,37.105,37.801,monitor,,stable_unusual,synthetic_draft_v0_pending_minitab_grounding
C00128,L001,generic_semiconductor_v0,125,leakage_current,uA,28.907,28.629,30.053,31.453,pass,,healthy,synthetic_draft_v0_pending_minitab_grounding
C00504,L003,generic_semiconductor_v0,125,leakage_current,uA,22.284,115.906,105.595,117.842,fail,24,sudden_spike,synthetic_draft_v0_pending_minitab_grounding
C00224,L002,generic_semiconductor_v0,25,leakage_current,uA,5.575,5.54,6.223,6.133,pass,,healthy,synthetic_draft_v0_pending_minitab_grounding
C00288,L002,generic_semiconductor_v0,85,leakage_current,uA,18.009,18.046,19.437,20.989,pass,,healthy,synthetic_draft_v0_pending_minitab_grounding
C00211,L002,generic_semiconductor_v0,25,leakage_current,uA,6.134,5.936,8.523,7.013,pass,,noisy_healthy,synthetic_draft_v0_pending_minitab_grounding
C00097,L001,generic_semiconductor_v0,85,leakage_current,uA,19.544,19.944,21.381,22.251,pass,,healthy,synthetic_draft_v0_pending_minitab_grounding
C00192,L002,generic_semiconductor_v0,25,leakage_current,uA,7.975,21.503,20.505,21.36,monitor,,stable_unusual,synthetic_draft_v0_pending_minitab_grounding
C00519,L003,generic_semiconductor_v0,125,leakage_current,uA,20.83,23.826,17.56,20.542,pass,,noisy_healthy,synthetic_draft_v0_pending_minitab_grounding
C00004,L001,generic_semiconductor_v0,25,leakage_current,uA,7.567,26.08,9.609,10.242,monitor,,spike_recovery,synthetic_draft_v0_pending_minitab_grounding
C00119,L001,generic_semiconductor_v0,85,leakage_current,uA,16.335,16.383,17.17,19.312,pass,,healthy,synthetic_draft_v0_pending_minitab_grounding
C00425,L003,generic_semiconductor_v0,85,leakage_current,uA,16.212,16.378,17.037,18.642,pass,,healthy,synthetic_draft_v0_pending_minitab_grounding
C00509,L003,generic_semiconductor_v0,125,leakage_current,uA,25.239,26.501,25.839,28.956,pass,,healthy,synthetic_draft_v0_pending_minitab_grounding
C00221,L002,generic_semiconductor_v0,25,leakage_current,uA,9.708,9.915,9.819,10.431,pass,,healthy,synthetic_draft_v0_pending_minitab_grounding
C00463,L003,generic_semiconductor_v0,85,leakage_current,uA,12.57,10.526,13.195,13.291,pass,,noisy_healthy,synthetic_draft_v0_pending_minitab_grounding
C00154,L001,generic_semiconductor_v0,125,leakage_current,uA,25.211,28.909,39.896,56.567,fail,168,slow_drift,synthetic_draft_v0_pending_minitab_grounding
C00245,L002,generic_semiconductor_v0,85,leakage_current,uA,20.472,21.496,22.253,23.795,pass,,healthy,synthetic_draft_v0_pending_minitab_grounding
C00387,L003,generic_semiconductor_v0,25,leakage_current,uA,7.434,7.583,7.965,8.707,pass,,healthy,synthetic_draft_v0_pending_minitab_grounding
C00252,L002,generic_semiconductor_v0,85,leakage_current,uA,12.925,14.932,12.85,15.889,pass,,noisy_healthy,synthetic_draft_v0_pending_minitab_grounding
C00539,L003,generic_semiconductor_v0,125,leakage_current,uA,28.805,31.803,45.484,58.858,fail,168,slow_drift,synthetic_draft_v0_pending_minitab_grounding
C00005,L001,generic_semiconductor_v0,25,leakage_current,uA,6.736,6.827,7.541,8.237,pass,,healthy,synthetic_draft_v0_pending_minitab_grounding
C00518,L003,generic_semiconductor_v0,125,leakage_current,uA,24.863,83.788,34.187,27.793,fail,24,spike_recovery,synthetic_draft_v0_pending_minitab_grounding
C00241,L002,generic_semiconductor_v0,85,leakage_current,uA,16.114,16.117,16.753,16.539,pass,,healthy,synthetic_draft_v0_pending_minitab_grounding
C00147,L001,generic_semiconductor_v0,125,leakage_current,uA,21.85,23.246,23.142,24.307,pass,,healthy,synthetic_draft_v0_pending_minitab_grounding
C00177,L001,generic_semiconductor_v0,125,leakage_current,uA,30.02,31.31,30.481,33.098,pass,,healthy,synthetic_draft_v0_pending_minitab_grounding
C00443,L003,generic_semiconductor_v0,85,leakage_current,uA,20.28,21.677,22.87,24.952,pass,,healthy,synthetic_draft_v0_pending_minitab_grounding
C00389,L003,generic_semiconductor_v0,25,leakage_current,uA,7.346,7.303,7.552,7.856,pass,,healthy,synthetic_draft_v0_pending_minitab_grounding
C00268,L002,generic_semiconductor_v0,85,leakage_current,uA,21.526,23.809,23.887,25.04,pass,,healthy,synthetic_draft_v0_pending_minitab_grounding
C00001,L001,generic_semiconductor_v0,25,leakage_current,uA,6.535,6.529,5.868,7.297,pass,,noisy_healthy,synthetic_draft_v0_pending_minitab_grounding
C00006,L001,generic_semiconductor_v0,25,leakage_current,uA,9.602,11.222,15.029,18.6,monitor,,slow_drift,synthetic_draft_v0_pending_minitab_grounding
C00156,L001,generic_semiconductor_v0,125,leakage_current,uA,23.593,24.337,25.006,27.289,pass,,healthy,synthetic_draft_v0_pending_minitab_grounding
C00527,L003,generic_semiconductor_v0,125,leakage_current,uA,23.312,27.003,64.086,138.249,fail,96,accelerating_drift,synthetic_draft_v0_pending_minitab_grounding
C00134,L001,generic_semiconductor_v0,125,leakage_current,uA,17.991,21.304,29.668,40.846,monitor,,slow_drift,synthetic_draft_v0_pending_minitab_grounding
C00492,L003,generic_semiconductor_v0,125,leakage_current,uA,34.047,32.086,207.219,208.253,fail,96,sudden_spike,synthetic_draft_v0_pending_minitab_grounding
C00188,L002,generic_semiconductor_v0,25,leakage_current,uA,6.47,6.529,7.376,7.348,pass,,noisy_healthy,synthetic_draft_v0_pending_minitab_grounding
C00158,L001,generic_semiconductor_v0,125,leakage_current,uA,27.216,29.362,69.007,141.114,fail,96,accelerating_drift,synthetic_draft_v0_pending_minitab_grounding
C00448,L003,generic_semiconductor_v0,85,leakage_current,uA,15.302,72.753,19.553,20.668,fail,24,spike_recovery,synthetic_draft_v0_pending_minitab_grounding
C00046,L001,generic_semiconductor_v0,25,leakage_current,uA,10.402,10.634,11.219,12.058,pass,,healthy,synthetic_draft_v0_pending_minitab_grounding
C00117,L001,generic_semiconductor_v0,85,leakage_current,uA,10.428,10.79,10.671,11.621,pass,,healthy,synthetic_draft_v0_pending_minitab_grounding
C00428,L003,generic_semiconductor_v0,85,leakage_current,uA,15.689,15.759,16.382,16.764,pass,,healthy,synthetic_draft_v0_pending_minitab_grounding
C00247,L002,generic_semiconductor_v0,85,leakage_current,uA,12.969,14.311,21.188,27.955,monitor,,slow_drift,synthetic_draft_v0_pending_minitab_grounding
C00178,L001,generic_semiconductor_v0,125,leakage_current,uA,20.944,21.448,22.685,24.574,pass,,healthy,synthetic_draft_v0_pending_minitab_grounding
C00453,L003,generic_semiconductor_v0,85,leakage_current,uA,19.996,18.846,21.537,23.742,pass,,healthy,synthetic_draft_v0_pending_minitab_grounding
C00274,L002,generic_semiconductor_v0,85,leakage_current,uA,19.409,19.504,20.732,22.673,pass,,healthy,synthetic_draft_v0_pending_minitab_grounding
C00417,L003,generic_semiconductor_v0,25,leakage_current,uA,7.173,7.76,15.806,28.344,investigate,,accelerating_drift,synthetic_draft_v0_pending_minitab_grounding
C00328,L002,generic_semiconductor_v0,125,leakage_current,uA,20.489,20.908,22.784,24.079,pass,,healthy,synthetic_draft_v0_pending_minitab_grounding
C00464,L003,generic_semiconductor_v0,85,leakage_current,uA,15.028,14.736,16.008,16.48,pass,,healthy,synthetic_draft_v0_pending_minitab_grounding
C00223,L002,generic_semiconductor_v0,25,leakage_current,uA,7.369,7.449,8.211,8.877,pass,,healthy,synthetic_draft_v0_pending_minitab_grounding
C00289,L002,generic_semiconductor_v0,85,leakage_current,uA,15.414,16.357,39.854,83.801,fail,168,accelerating_drift,synthetic_draft_v0_pending_minitab_grounding
C00326,L002,generic_semiconductor_v0,125,leakage_current,uA,20.013,21.494,24.07,23.142,pass,,noisy_healthy,synthetic_draft_v0_pending_minitab_grounding
C00479,L003,generic_semiconductor_v0,85,leakage_current,uA,15.6,15.636,16.619,17.866,pass,,healthy,synthetic_draft_v0_pending_minitab_grounding
C00324,L002,generic_semiconductor_v0,125,leakage_current,uA,27.161,27.742,30.475,32.759,pass,,healthy,synthetic_draft_v0_pending_minitab_grounding
C00513,L003,generic_semiconductor_v0,125,leakage_current,uA,27.645,28.735,30.288,30.492,pass,,healthy,synthetic_draft_v0_pending_minitab_grounding
C00306,L002,generic_semiconductor_v0,125,leakage_current,uA,23.321,24.228,24.421,26.873,pass,,healthy,synthetic_draft_v0_pending_minitab_grounding
C00303,L002,generic_semiconductor_v0,125,leakage_current,uA,22.854,21.567,24.938,26.032,pass,,healthy,synthetic_draft_v0_pending_minitab_grounding
C00091,L001,generic_semiconductor_v0,85,leakage_current,uA,23.534,25.189,25.547,27.185,pass,,healthy,synthetic_draft_v0_pending_minitab_grounding
C00434,L003,generic_semiconductor_v0,85,leakage_current,uA,15.805,16.194,16.874,17.106,pass,,healthy,synthetic_draft_v0_pending_minitab_grounding
C00358,L002,generic_semiconductor_v0,125,leakage_current,uA,20.823,19.744,23.59,25.792,pass,,healthy,synthetic_draft_v0_pending_minitab_grounding
C00070,L001,generic_semiconductor_v0,85,leakage_current,uA,14.732,18.078,21.607,27.914,monitor,,slow_drift,synthetic_draft_v0_pending_minitab_grounding
C00501,L003,generic_semiconductor_v0,125,leakage_current,uA,21.39,21.892,22.82,22.413,pass,,healthy,synthetic_draft_v0_pending_minitab_grounding
C00469,L003,generic_semiconductor_v0,85,leakage_current,uA,20.479,23.26,29.066,39.14,monitor,,slow_drift,synthetic_draft_v0_pending_minitab_grounding
C00140,L001,generic_semiconductor_v0,125,leakage_current,uA,28.018,28.607,57.867,99.047,fail,96,accelerating_drift,synthetic_draft_v0_pending_minitab_grounding
C00277,L002,generic_semiconductor_v0,85,leakage_current,uA,12.525,32.588,33.773,33.534,monitor,,stable_unusual,synthetic_draft_v0_pending_minitab_grounding
C00240,L002,generic_semiconductor_v0,25,leakage_current,uA,5.932,5.809,6.055,6.529,pass,,noisy_healthy,synthetic_draft_v0_pending_minitab_grounding
C00244,L002,generic_semiconductor_v0,85,leakage_current,uA,14.165,36.516,37.154,36.234,monitor,,stable_unusual,synthetic_draft_v0_pending_minitab_grounding
C00167,L001,generic_semiconductor_v0,125,leakage_current,uA,39.373,40.404,84.734,159.711,fail,96,accelerating_drift,synthetic_draft_v0_pending_minitab_grounding
C00183,L002,generic_semiconductor_v0,25,leakage_current,uA,10.544,10.61,11.675,12.64,pass,,healthy,synthetic_draft_v0_pending_minitab_grounding
C00340,L002,generic_semiconductor_v0,125,leakage_current,uA,26.948,26.537,28.012,28.655,pass,,noisy_healthy,synthetic_draft_v0_pending_minitab_grounding
C00018,L001,generic_semiconductor_v0,25,leakage_current,uA,8.093,19.315,20.09,19.843,monitor,,stable_unusual,synthetic_draft_v0_pending_minitab_grounding
C00015,L001,generic_semiconductor_v0,25,leakage_current,uA,9.365,36.329,14.894,12.908,monitor,,spike_recovery,synthetic_draft_v0_pending_minitab_grounding
C00088,L001,generic_semiconductor_v0,85,leakage_current,uA,17.932,19.502,30.731,42.594,monitor,,slow_drift,synthetic_draft_v0_pending_minitab_grounding
C00430,L003,generic_semiconductor_v0,85,leakage_current,uA,16.15,15.349,57.083,56.815,fail,96,sudden_spike,synthetic_draft_v0_pending_minitab_grounding
C00270,L002,generic_semiconductor_v0,85,leakage_current,uA,12.239,12.763,13.066,13.811,pass,,healthy,synthetic_draft_v0_pending_minitab_grounding
C00068,L001,generic_semiconductor_v0,85,leakage_current,uA,12.932,12.302,14.429,14.791,pass,,healthy,synthetic_draft_v0_pending_minitab_grounding
C00487,L003,generic_semiconductor_v0,125,leakage_current,uA,22.647,23.75,25.879,22.445,pass,,noisy_healthy,synthetic_draft_v0_pending_minitab_grounding
C00321,L002,generic_semiconductor_v0,125,leakage_current,uA,25.746,26.312,28.023,29.024,pass,,healthy,synthetic_draft_v0_pending_minitab_grounding
C00227,L002,generic_semiconductor_v0,25,leakage_current,uA,7.164,7.113,7.643,7.581,pass,,healthy,synthetic_draft_v0_pending_minitab_grounding
C00146,L001,generic_semiconductor_v0,125,leakage_current,uA,20.137,18.445,23.451,23.037,pass,,noisy_healthy,synthetic_draft_v0_pending_minitab_grounding
C00378,L003,generic_semiconductor_v0,25,leakage_current,uA,9.301,10.943,15.499,20.496,monitor,,slow_drift,synthetic_draft_v0_pending_minitab_grounding
C00127,L001,generic_semiconductor_v0,125,leakage_current,uA,25.948,26.703,28.915,30.698,pass,,healthy,synthetic_draft_v0_pending_minitab_grounding
C00118,L001,generic_semiconductor_v0,85,leakage_current,uA,23.947,24.45,118.544,34.087,fail,96,spike_recovery,synthetic_draft_v0_pending_minitab_grounding
C00159,L001,generic_semiconductor_v0,125,leakage_current,uA,30.643,30.765,33.379,35.472,pass,,healthy,synthetic_draft_v0_pending_minitab_grounding
C00200,L002,generic_semiconductor_v0,25,leakage_current,uA,8.318,8.311,8.093,8.936,pass,,noisy_healthy,synthetic_draft_v0_pending_minitab_grounding
C00454,L003,generic_semiconductor_v0,85,leakage_current,uA,15.22,15.697,17.509,14.813,pass,,noisy_healthy,synthetic_draft_v0_pending_minitab_grounding
C00336,L002,generic_semiconductor_v0,125,leakage_current,uA,26.103,26.271,29.018,27.36,pass,,healthy,synthetic_draft_v0_pending_minitab_grounding
C00044,L001,generic_semiconductor_v0,25,leakage_current,uA,7.376,16.427,16.447,16.228,monitor,,stable_unusual,synthetic_draft_v0_pending_minitab_grounding
C00080,L001,generic_semiconductor_v0,85,leakage_current,uA,16.171,16.632,16.892,17.55,pass,,healthy,synthetic_draft_v0_pending_minitab_grounding
C00317,L002,generic_semiconductor_v0,125,leakage_current,uA,28.919,77.104,78.924,78.028,fail,24,stable_unusual,synthetic_draft_v0_pending_minitab_grounding
C00135,L001,generic_semiconductor_v0,125,leakage_current,uA,31.16,30.719,35.158,36.275,pass,,healthy,synthetic_draft_v0_pending_minitab_grounding
C00054,L001,generic_semiconductor_v0,25,leakage_current,uA,10.895,10.707,10.957,11.941,pass,,healthy,synthetic_draft_v0_pending_minitab_grounding
C00043,L001,generic_semiconductor_v0,25,leakage_current,uA,6.614,6.962,7.001,7.432,pass,,healthy,synthetic_draft_v0_pending_minitab_grounding
C00392,L003,generic_semiconductor_v0,25,leakage_current,uA,7.437,7.483,8.063,8.402,pass,,healthy,synthetic_draft_v0_pending_minitab_grounding
C00269,L002,generic_semiconductor_v0,85,leakage_current,uA,13.991,14.381,14.718,15.472,pass,,healthy,synthetic_draft_v0_pending_minitab_grounding
C00529,L003,generic_semiconductor_v0,125,leakage_current,uA,17.888,18.448,20.086,21.126,pass,,healthy,synthetic_draft_v0_pending_minitab_grounding
C00395,L003,generic_semiconductor_v0,25,leakage_current,uA,8.587,9.007,9.716,9.9,pass,,healthy,synthetic_draft_v0_pending_minitab_grounding
C00014,L001,generic_semiconductor_v0,25,leakage_current,uA,11.181,10.931,36.841,39.267,investigate,,sudden_spike,synthetic_draft_v0_pending_minitab_grounding
C00028,L001,generic_semiconductor_v0,25,leakage_current,uA,6.566,6.631,6.345,7.008,pass,,healthy,synthetic_draft_v0_pending_minitab_grounding
C00281,L002,generic_semiconductor_v0,85,leakage_current,uA,15.08,15.42,16.138,15.697,pass,,healthy,synthetic_draft_v0_pending_minitab_grounding
C00243,L002,generic_semiconductor_v0,85,leakage_current,uA,13.431,15.546,22.518,29.366,monitor,,slow_drift,synthetic_draft_v0_pending_minitab_grounding
C00450,L003,generic_semiconductor_v0,85,leakage_current,uA,15.318,15.108,16.08,18.185,pass,,healthy,synthetic_draft_v0_pending_minitab_grounding
C00033,L001,generic_semiconductor_v0,25,leakage_current,uA,9.406,9.652,10.441,11.366,pass,,healthy,synthetic_draft_v0_pending_minitab_grounding
C00049,L001,generic_semiconductor_v0,25,leakage_current,uA,8.419,36.038,37.637,34.617,investigate,,sudden_spike,synthetic_draft_v0_pending_minitab_grounding
C00053,L001,generic_semiconductor_v0,25,leakage_current,uA,7.714,8.242,8.103,9.198,pass,,healthy,synthetic_draft_v0_pending_minitab_grounding
C00534,L003,generic_semiconductor_v0,125,leakage_current,uA,24.411,30.545,25.919,28.797,pass,,noisy_healthy,synthetic_draft_v0_pending_minitab_grounding
C00491,L003,generic_semiconductor_v0,125,leakage_current,uA,17.19,17.919,19.787,19.766,pass,,healthy,synthetic_draft_v0_pending_minitab_grounding
C00108,L001,generic_semiconductor_v0,85,leakage_current,uA,15.292,15.809,15.681,16.948,pass,,healthy,synthetic_draft_v0_pending_minitab_grounding
C00041,L001,generic_semiconductor_v0,25,leakage_current,uA,5.702,6.744,11.127,22.24,investigate,,accelerating_drift,synthetic_draft_v0_pending_minitab_grounding
C00384,L003,generic_semiconductor_v0,25,leakage_current,uA,7.367,7.419,7.893,8.029,pass,,healthy,synthetic_draft_v0_pending_minitab_grounding
C00359,L002,generic_semiconductor_v0,125,leakage_current,uA,26.393,31.276,55.647,101.602,fail,96,accelerating_drift,synthetic_draft_v0_pending_minitab_grounding
C00381,L003,generic_semiconductor_v0,25,leakage_current,uA,5.973,6.834,8.514,11.538,monitor,,slow_drift,synthetic_draft_v0_pending_minitab_grounding
C00482,L003,generic_semiconductor_v0,125,leakage_current,uA,21.364,20.974,51.948,94.531,fail,96,accelerating_drift,synthetic_draft_v0_pending_minitab_grounding
C00129,L001,generic_semiconductor_v0,125,leakage_current,uA,28.565,29.397,31.007,31.199,pass,,noisy_healthy,synthetic_draft_v0_pending_minitab_grounding
C00339,L002,generic_semiconductor_v0,125,leakage_current,uA,22.885,23.638,27.118,28.313,pass,,noisy_healthy,synthetic_draft_v0_pending_minitab_grounding
C00121,L001,generic_semiconductor_v0,125,leakage_current,uA,30.443,37.335,78.091,149.222,fail,96,accelerating_drift,synthetic_draft_v0_pending_minitab_grounding
C00373,L003,generic_semiconductor_v0,25,leakage_current,uA,7.919,8.155,8.359,9.233,pass,,healthy,synthetic_draft_v0_pending_minitab_grounding
C00065,L001,generic_semiconductor_v0,85,leakage_current,uA,14.015,13.942,14.78,16.625,pass,,healthy,synthetic_draft_v0_pending_minitab_grounding
C00012,L001,generic_semiconductor_v0,25,leakage_current,uA,9.125,10.481,12.662,15.212,monitor,,slow_drift,synthetic_draft_v0_pending_minitab_grounding
C00438,L003,generic_semiconductor_v0,85,leakage_current,uA,17.063,16.794,19.216,20.776,pass,,healthy,synthetic_draft_v0_pending_minitab_grounding
C00095,L001,generic_semiconductor_v0,85,leakage_current,uA,19.778,19.12,20.34,20.287,pass,,healthy,synthetic_draft_v0_pending_minitab_grounding
C00086,L001,generic_semiconductor_v0,85,leakage_current,uA,14.075,15.134,16.108,14.963,pass,,noisy_healthy,synthetic_draft_v0_pending_minitab_grounding
C00212,L002,generic_semiconductor_v0,25,leakage_current,uA,6.819,14.462,15.011,14.415,monitor,,stable_unusual,synthetic_draft_v0_pending_minitab_grounding
C00231,L002,generic_semiconductor_v0,25,leakage_current,uA,8.214,10.029,25.048,55.832,fail,168,accelerating_drift,synthetic_draft_v0_pending_minitab_grounding
C00267,L002,generic_semiconductor_v0,85,leakage_current,uA,15.94,16.827,17.192,17.852,pass,,healthy,synthetic_draft_v0_pending_minitab_grounding
C00301,L002,generic_semiconductor_v0,125,leakage_current,uA,22.464,20.788,25.548,28.124,pass,,noisy_healthy,synthetic_draft_v0_pending_minitab_grounding
C00383,L003,generic_semiconductor_v0,25,leakage_current,uA,9.882,11.532,29.232,60.869,fail,168,accelerating_drift,synthetic_draft_v0_pending_minitab_grounding
C00186,L002,generic_semiconductor_v0,25,leakage_current,uA,6.883,6.765,7.26,7.489,pass,,healthy,synthetic_draft_v0_pending_minitab_grounding
C00481,L003,generic_semiconductor_v0,125,leakage_current,uA,20.673,21.643,22.53,21.727,pass,,noisy_healthy,synthetic_draft_v0_pending_minitab_grounding
C00442,L003,generic_semiconductor_v0,85,leakage_current,uA,11.058,12.891,15.635,20.576,monitor,,slow_drift,synthetic_draft_v0_pending_minitab_grounding
C00400,L003,generic_semiconductor_v0,25,leakage_current,uA,6.132,6.079,6.87,7.138,pass,,healthy,synthetic_draft_v0_pending_minitab_grounding
C00228,L002,generic_semiconductor_v0,25,leakage_current,uA,11.882,11.589,44.843,17.306,monitor,,spike_recovery,synthetic_draft_v0_pending_minitab_grounding
C00455,L003,generic_semiconductor_v0,85,leakage_current,uA,11.191,10.408,14.172,11.431,pass,,noisy_healthy,synthetic_draft_v0_pending_minitab_grounding
C00139,L001,generic_semiconductor_v0,125,leakage_current,uA,23.085,21.033,28.312,23.424,pass,,noisy_healthy,synthetic_draft_v0_pending_minitab_grounding
C00203,L002,generic_semiconductor_v0,25,leakage_current,uA,10.508,10.659,11.29,12.401,pass,,healthy,synthetic_draft_v0_pending_minitab_grounding
C00331,L002,generic_semiconductor_v0,125,leakage_current,uA,28.338,28.965,29.571,31.186,pass,,healthy,synthetic_draft_v0_pending_minitab_grounding
C00310,L002,generic_semiconductor_v0,125,leakage_current,uA,21.029,22.002,23.048,23.629,pass,,healthy,synthetic_draft_v0_pending_minitab_grounding
C00137,L001,generic_semiconductor_v0,125,leakage_current,uA,35.036,33.979,39.186,41.337,pass,,healthy,synthetic_draft_v0_pending_minitab_grounding
C00531,L003,generic_semiconductor_v0,125,leakage_current,uA,25.035,27.072,26.66,28.728,pass,,healthy,synthetic_draft_v0_pending_minitab_grounding
C00150,L001,generic_semiconductor_v0,125,leakage_current,uA,32.406,33.347,36.009,37.869,pass,,healthy,synthetic_draft_v0_pending_minitab_grounding
C00335,L002,generic_semiconductor_v0,125,leakage_current,uA,23.854,24.618,24.692,26.008,pass,,healthy,synthetic_draft_v0_pending_minitab_grounding
C00163,L001,generic_semiconductor_v0,125,leakage_current,uA,28.092,29.322,30.052,30.937,pass,,healthy,synthetic_draft_v0_pending_minitab_grounding
C00322,L002,generic_semiconductor_v0,125,leakage_current,uA,26.427,24.696,27.618,28.352,pass,,noisy_healthy,synthetic_draft_v0_pending_minitab_grounding
C00234,L002,generic_semiconductor_v0,25,leakage_current,uA,7.143,7.215,7.552,8.402,pass,,noisy_healthy,synthetic_draft_v0_pending_minitab_grounding
C00352,L002,generic_semiconductor_v0,125,leakage_current,uA,19.64,20.346,20.963,21.196,pass,,healthy,synthetic_draft_v0_pending_minitab_grounding
C00166,L001,generic_semiconductor_v0,125,leakage_current,uA,20.471,20.445,21.024,22.152,pass,,healthy,synthetic_draft_v0_pending_minitab_grounding
C00082,L001,generic_semiconductor_v0,85,leakage_current,uA,15.643,15.333,16.658,16.353,pass,,healthy,synthetic_draft_v0_pending_minitab_grounding
C00074,L001,generic_semiconductor_v0,85,leakage_current,uA,16.902,16.777,17.617,17.561,pass,,healthy,synthetic_draft_v0_pending_minitab_grounding
C00415,L003,generic_semiconductor_v0,25,leakage_current,uA,7.678,7.478,6.955,8.558,pass,,noisy_healthy,synthetic_draft_v0_pending_minitab_grounding
C00432,L003,generic_semiconductor_v0,85,leakage_current,uA,19.539,19.848,19.498,19.398,pass,,healthy,synthetic_draft_v0_pending_minitab_grounding
C00346,L002,generic_semiconductor_v0,125,leakage_current,uA,23.114,23.049,25.164,27.043,pass,,healthy,synthetic_draft_v0_pending_minitab_grounding
C00172,L001,generic_semiconductor_v0,125,leakage_current,uA,20.928,24.296,37.359,50.459,fail,168,slow_drift,synthetic_draft_v0_pending_minitab_grounding
C00149,L001,generic_semiconductor_v0,125,leakage_current,uA,33.058,33.441,34.629,37.707,pass,,healthy,synthetic_draft_v0_pending_minitab_grounding
C00475,L003,generic_semiconductor_v0,85,leakage_current,uA,16.084,16.055,16.607,17.792,pass,,healthy,synthetic_draft_v0_pending_minitab_grounding
C00294,L002,generic_semiconductor_v0,85,leakage_current,uA,17.327,18.458,17.96,18.789,pass,,healthy,synthetic_draft_v0_pending_minitab_grounding
C00391,L003,generic_semiconductor_v0,25,leakage_current,uA,8.556,8.834,9.042,9.849,pass,,healthy,synthetic_draft_v0_pending_minitab_grounding
C00081,L001,generic_semiconductor_v0,85,leakage_current,uA,16.895,17.461,17.128,18.522,pass,,healthy,synthetic_draft_v0_pending_minitab_grounding
C00458,L003,generic_semiconductor_v0,85,leakage_current,uA,14.327,16.803,14.361,13.602,pass,,noisy_healthy,synthetic_draft_v0_pending_minitab_grounding
C00500,L003,generic_semiconductor_v0,125,leakage_current,uA,20.164,24.987,64.355,133.306,fail,96,accelerating_drift,synthetic_draft_v0_pending_minitab_grounding
C00523,L003,generic_semiconductor_v0,125,leakage_current,uA,24.81,77.238,28.708,34.322,fail,24,spike_recovery,synthetic_draft_v0_pending_minitab_grounding
C00333,L002,generic_semiconductor_v0,125,leakage_current,uA,20.152,20.489,44.688,84.365,fail,168,accelerating_drift,synthetic_draft_v0_pending_minitab_grounding
C00364,L003,generic_semiconductor_v0,25,leakage_current,uA,10.037,9.837,10.167,10.882,pass,,healthy,synthetic_draft_v0_pending_minitab_grounding
C00292,L002,generic_semiconductor_v0,85,leakage_current,uA,17.201,17.754,19.404,18.958,pass,,healthy,synthetic_draft_v0_pending_minitab_grounding
C00179,L001,generic_semiconductor_v0,125,leakage_current,uA,19.164,21.938,20.366,19.912,pass,,noisy_healthy,synthetic_draft_v0_pending_minitab_grounding
C00204,L002,generic_semiconductor_v0,25,leakage_current,uA,7.951,8.149,8.446,9.423,pass,,healthy,synthetic_draft_v0_pending_minitab_grounding
C00360,L002,generic_semiconductor_v0,125,leakage_current,uA,22.822,26.105,33.779,41.354,monitor,,slow_drift,synthetic_draft_v0_pending_minitab_grounding
C00125,L001,generic_semiconductor_v0,125,leakage_current,uA,31.969,32.651,34.428,36.087,pass,,healthy,synthetic_draft_v0_pending_minitab_grounding
C00422,L003,generic_semiconductor_v0,85,leakage_current,uA,17.669,19.82,26.385,34.802,monitor,,slow_drift,synthetic_draft_v0_pending_minitab_grounding
C00021,L001,generic_semiconductor_v0,25,leakage_current,uA,6.445,6.523,7.133,6.964,pass,,healthy,synthetic_draft_v0_pending_minitab_grounding
C00353,L002,generic_semiconductor_v0,125,leakage_current,uA,27.239,28.892,29.858,31.482,pass,,healthy,synthetic_draft_v0_pending_minitab_grounding
C00264,L002,generic_semiconductor_v0,85,leakage_current,uA,17.878,17.191,18.275,19.048,pass,,healthy,synthetic_draft_v0_pending_minitab_grounding
